Customer_ID,Age,Annual_Income,Credit_Score,Account_Type,Account_Balance,Bank_Branch,Signup_Date,Is_Active
1,58,76081.6,724.0,Savings,48837.88,Jakarta,2016-08-09,Yes
2,48,65607.99,695.0,Business,30331.27,Surabaya,2016-09-23,Yes
3,34,69637.48,706.0,Savings,31056.12,Medan,2017-08-31,Yes
4,62,67298.56,700.0,Business,29292.34,Surabaya,2016-03-12,Yes
5,27,55509.1,666.0,Savings,17912.88,Jakarta,2017-04-20,No
6,40,64945.29,693.0,Savings,37108.82,Jakarta,2016-01-24,Yes
7,58,69786.46,707.0,Checking,17563.79,Surabaya,2023-03-19,No
8,38,53582.21,661.0,Savings,35543.06,Bandung,2016-05-22,Yes
9,42,70524.88,709.0,Savings,44881.4,Medan,2022-06-20,Yes
10,30,51371.64,655.0,Business,15539.32,Medan,2015-06-24,No
11,30,52001.23,657.0,Savings,27959.93,Surabaya,2024-06-24,Yes
12,43,61760.22,684.0,Business,27417.46,Bandung,2022-02-08,Yes
13,55,85747.44,751.0,Savings,25946.28,Jakarta,2015-01-25,Yes
14,59,81685.55,740.0,Savings,56617.31,Makassar,2022-08-20,Yes
15,43,62724.28,687.0,Business,7222.22,Makassar,2020-02-20,No
16,22,47487.0,644.0,Checking,11947.14,Surabaya,2022-10-15,No
17,41,55135.64,665.0,Business,22718.34,Bandung,2020-03-22,No
18,21,55739.29,667.0,Business,23029.9,Bandung,2021-05-28,No
19,43,67105.04,699.0,Business,30422.73,Medan,2022-11-10,Yes
20,63,70935.97,710.0,Checking,39086.13,Jakarta,2019-01-18,Yes
21,49,71369.58,711.0,Savings,33835.37,Bandung,2015-01-10,Yes
22,57,82368.61,742.0,Business,37903.47,Makassar,2023-06-30,Yes
23,21,47355.99,644.0,Business,6256.14,Jakarta,2018-10-22,No
24,40,67183.87,699.0,Checking,21896.44,Jakarta,2019-12-16,No
25,52,72060.23,713.0,Business,17239.22,Surabaya,2015-01-29,No
26,31,54854.08,665.0,Savings,14219.39,Bandung,2019-12-02,No
27,41,72428.99,714.0,Checking,31332.96,Surabaya,2024-11-09,Yes
28,63,82634.18,743.0,Savings,18154.99,Bandung,2017-10-12,No
29,44,48635.39,647.0,Savings,13441.34,Medan,2018-12-14,No
30,68,88956.88,760.0,Checking,21549.88,Surabaya,2021-11-13,No
31,46,63560.73,689.0,Business,42528.6,Surabaya,2023-02-21,Yes
32,61,79692.14,734.0,Savings,53138.68,Makassar,2019-03-04,Yes
33,47,69536.89,706.0,Savings,32401.75,Surabaya,2018-02-04,Yes
34,35,58649.2,675.0,Savings,38398.42,Bandung,2024-05-16,Yes
35,34,66745.92,698.0,Savings,38144.47,Makassar,2021-10-07,Yes
36,66,67175.07,699.0,Checking,30495.38,Surabaya,2016-03-10,Yes
37,63,85562.22,751.0,Checking,8886.59,Surabaya,2015-09-09,No
38,22,51006.08,654.0,Savings,28742.42,Medan,2019-10-31,Yes
39,56,66011.57,696.0,Business,34424.57,Surabaya,2017-03-14,Yes
40,26,42793.32,631.0,Savings,20076.58,Jakarta,2017-07-16,No
41,40,60535.68,681.0,Business,33673.25,Makassar,2023-10-09,Yes
42,28,51858.31,656.0,Savings,21145.4,Jakarta,2015-11-23,No
43,58,88842.83,760.0,Business,46415.93,Makassar,2022-02-24,Yes
44,37,65043.11,693.0,Savings,43000.21,Medan,2017-09-16,Yes
45,23,51339.09,655.0,Business,16710.0,Surabaya,2022-08-07,No
46,44,55473.99,666.0,Savings,29116.81,Surabaya,2022-03-21,Yes
47,33,58545.8,675.0,Savings,22564.29,Surabaya,2015-01-27,No
48,69,92470.24,770.0,Business,46664.16,Makassar,2020-02-02,Yes
49,28,58634.81,675.0,Checking,32702.74,Surabaya,2016-05-23,Yes
50,45,53875.44,662.0,Business,6856.81,Jakarta,2023-08-28,No
51,21,45202.67,638.0,Checking,22057.11,Surabaya,2023-09-17,No
52,39,45355.48,638.0,Savings,10705.92,Medan,2019-03-07,No
53,47,54082.78,662.0,Business,27150.61,Jakarta,2019-06-11,Yes
54,66,85696.68,751.0,Business,32650.27,Surabaya,2018-01-11,Yes
55,26,57756.77,673.0,Business,32582.42,Surabaya,2022-02-28,Yes
56,63,77847.66,729.0,Checking,13548.64,Bandung,2018-08-02,No
57,27,47220.56,643.0,Checking,22467.23,Makassar,2017-09-04,No
58,66,83372.86,745.0,Savings,22267.43,Jakarta,2019-04-27,No
59,54,68194.31,702.0,Checking,41720.54,Bandung,2015-11-30,Yes
60,33,,,Checking,25756.33,Medan,2022-06-18,Yes
61,36,46910.45,642.0,Savings,32735.94,Makassar,2015-02-15,Yes
62,55,57012.29,671.0,Business,32930.55,Jakarta,2021-06-10,Yes
63,69,87920.33,758.0,Business,48553.16,Surabaya,2016-10-29,Yes
64,59,88532.22,759.0,Savings,20300.48,Jakarta,2017-04-28,No
65,23,46978.96,642.0,Business,14169.05,Surabaya,2021-05-09,No
66,21,37350.92,615.0,Checking,14171.29,Makassar,2024-12-03,No
67,25,43723.11,633.0,Savings,24661.09,Surabaya,2022-10-09,Yes
68,61,64854.28,693.0,Savings,42089.1,Medan,2017-04-04,Yes
69,23,47879.25,645.0,Savings,10221.43,Surabaya,2016-10-04,No
70,48,79925.97,735.0,Business,52225.26,Medan,2023-08-28,Yes
71,37,57889.39,673.0,Savings,29950.51,Makassar,2019-06-10,Yes
72,45,66281.59,697.0,Savings,30917.87,Makassar,2016-05-15,Yes
73,63,83343.54,745.0,Savings,18327.64,Jakarta,2023-08-14,No
74,53,70716.37,709.0,Business,9427.55,Medan,2023-02-26,No
75,29,46585.95,641.0,Checking,20548.08,Medan,2024-10-31,No
76,55,80665.31,737.0,Savings,39599.36,Bandung,2024-02-03,Yes
77,33,,,Checking,11599.63,Bandung,2023-07-07,No
78,50,56373.82,669.0,Business,24459.12,Bandung,2015-07-11,Yes
79,67,96247.51,781.0,Business,59085.97,Surabaya,2016-01-17,Yes
80,34,56127.39,668.0,Business,33734.78,Bandung,2020-09-07,Yes
81,27,45663.02,639.0,Business,29973.8,Medan,2020-04-23,Yes
82,33,56318.53,669.0,Checking,17995.54,Surabaya,2019-07-30,No
83,42,55365.27,666.0,Savings,16101.87,Makassar,2018-12-19,No
84,59,72939.54,715.0,Business,40091.63,Jakarta,2019-04-23,Yes
85,40,66030.04,696.0,Business,23682.83,Bandung,2020-09-08,Yes
86,35,70955.89,710.0,Checking,10822.85,Makassar,2015-01-08,No
87,64,72730.3,715.0,Checking,19613.96,Medan,2017-08-09,No
88,37,81502.68,739.0,Business,28619.61,Jakarta,2020-03-06,Yes
89,66,74855.1,721.0,Savings,20623.32,Makassar,2022-03-21,No
90,43,64722.9,692.0,Savings,19373.08,Jakarta,2016-09-27,No
91,45,56938.11,670.0,Business,15730.04,Bandung,2020-06-19,No
92,44,58766.29,676.0,Checking,7339.88,Medan,2022-02-20,No
93,64,80409.18,736.0,Business,38777.88,Jakarta,2019-06-11,Yes
94,60,90996.16,766.0,Business,41710.41,Makassar,2015-04-09,Yes
95,48,83126.42,744.0,Checking,40900.7,Bandung,2019-06-28,Yes
96,34,51902.12,656.0,Business,11178.99,Bandung,2017-12-18,No
97,64,,,Business,17238.64,Makassar,2024-04-16,No
98,20,48832.2,648.0,Business,23037.54,Makassar,2016-03-30,No
99,44,59161.06,677.0,Checking,27200.87,Jakarta,2021-07-09,Yes
100,26,36893.9,614.0,Savings,14897.69,Surabaya,2015-07-12,No
101,28,57641.0,672.0,Savings,17883.0,Bandung,2019-06-17,No
102,43,,,Checking,36089.19,Jakarta,2020-07-15,Yes
103,20,48461.0,647.0,Savings,14725.46,Makassar,2017-12-23,No
104,63,66464.08,697.0,Business,24815.79,Jakarta,2019-07-20,Yes
105,27,52170.47,657.0,Savings,26443.56,Makassar,2016-08-19,Yes
106,43,70988.26,710.0,Business,30227.71,Medan,2018-01-15,Yes
107,30,62900.35,687.0,Savings,19381.59,Makassar,2021-03-17,No
108,36,61241.22,683.0,Checking,22131.77,Makassar,2018-01-06,No
109,27,48624.79,647.0,Savings,28041.36,Makassar,2023-12-29,Yes
110,54,62188.62,685.0,Savings,16596.74,Surabaya,2021-04-12,No
111,54,78220.44,730.0,Savings,14498.4,Makassar,2019-05-21,No
112,52,64792.99,693.0,Checking,18653.77,Bandung,2015-05-22,No
113,24,41679.26,628.0,Savings,25412.7,Bandung,2019-12-29,Yes
114,61,78612.04,731.0,Checking,12058.6,Jakarta,2022-08-23,No
115,58,62899.49,687.0,Business,43716.26,Surabaya,2017-08-27,Yes
116,60,67686.29,701.0,Savings,28739.72,Jakarta,2023-01-23,Yes
117,47,68483.51,703.0,Checking,47315.77,Bandung,2017-07-08,Yes
118,26,45334.74,638.0,Checking,30074.97,Bandung,2023-03-26,Yes
119,28,46572.94,641.0,Savings,17310.61,Medan,2015-11-08,No
120,27,54500.35,664.0,Business,11940.73,Makassar,2023-08-28,No
121,31,53715.52,661.0,Checking,10685.68,Bandung,2019-12-28,No
122,53,62770.18,687.0,Savings,15315.52,Jakarta,2017-12-18,No
123,52,67631.9,701.0,Business,35579.76,Jakarta,2017-08-25,Yes
124,67,102859.26,800.0,Checking,27131.19,Makassar,2019-04-26,Yes
125,42,66623.7,698.0,Checking,20310.58,Makassar,2024-12-25,No
126,43,57453.3,672.0,Business,21215.63,Medan,2017-03-15,No
127,56,59735.02,678.0,Business,38704.69,Surabaya,2016-01-12,Yes
128,54,66624.49,698.0,Savings,14233.39,Jakarta,2020-11-05,No
129,63,79469.47,734.0,Savings,8186.62,Makassar,2019-11-19,No
130,59,85750.9,751.0,Checking,11667.08,Jakarta,2020-03-28,No
131,41,68317.65,702.0,Business,43918.67,Makassar,2021-08-31,Yes
132,46,45763.93,639.0,Business,22356.13,Bandung,2017-09-02,No
133,54,65602.98,695.0,Business,17307.67,Jakarta,2024-02-06,No
134,20,43105.21,632.0,Checking,8893.27,Bandung,2019-05-10,No
135,54,56829.22,670.0,Business,15716.69,Jakarta,2016-04-16,No
136,56,61550.65,683.0,Business,10394.56,Surabaya,2022-06-02,No
137,66,,,Checking,62922.09,Medan,2021-06-05,Yes
138,33,48319.5,646.0,Savings,27567.42,Bandung,2018-02-26,Yes
139,22,49072.85,648.0,Savings,18521.79,Makassar,2021-03-18,No
140,20,,,Checking,29541.97,Surabaya,2017-03-13,Yes
141,24,54166.78,663.0,Business,13524.09,Jakarta,2019-06-12,No
142,45,55498.2,666.0,Checking,29429.16,Bandung,2023-12-27,Yes
143,33,45472.3,638.0,Savings,27905.42,Jakarta,2016-05-02,Yes
144,58,67934.95,701.0,Savings,21335.73,Jakarta,2018-11-12,No
145,46,56685.46,670.0,Checking,31430.88,Jakarta,2023-03-17,Yes
146,28,49587.09,650.0,Checking,13737.78,Medan,2024-09-08,No
147,34,46509.34,641.0,Savings,12990.72,Medan,2019-07-15,No
148,34,45122.58,637.0,Checking,7410.68,Makassar,2020-01-25,No
149,45,58605.27,675.0,Savings,21334.36,Bandung,2020-09-19,No
150,61,68993.39,704.0,Checking,37106.52,Surabaya,2024-04-26,Yes
151,32,64339.57,691.0,Checking,42730.0,Surabaya,2023-07-30,Yes
152,51,57620.11,672.0,Checking,26636.52,Surabaya,2016-09-14,Yes
153,58,69845.5,707.0,Savings,43156.23,Jakarta,2019-05-14,Yes
154,68,65224.32,694.0,Checking,38710.42,Medan,2019-08-21,Yes
155,51,56341.43,669.0,Savings,11493.98,Bandung,2022-11-20,No
156,23,53715.75,661.0,Savings,21029.2,Jakarta,2021-01-09,No
157,49,62446.89,686.0,Checking,10625.6,Medan,2021-07-15,No
158,56,75835.87,724.0,Checking,38622.6,Medan,2024-12-22,Yes
159,42,56822.78,670.0,Savings,38067.84,Bandung,2015-10-01,Yes
160,58,78659.55,732.0,Savings,14335.99,Bandung,2017-03-24,No
161,64,98661.24,788.0,Business,53309.62,Bandung,2019-01-28,Yes
162,34,55753.62,667.0,Savings,26725.1,Jakarta,2018-06-23,Yes
163,62,73382.5,717.0,Business,33034.09,Makassar,2015-03-21,Yes
164,48,63808.64,690.0,Business,21316.69,Bandung,2015-12-01,No
165,55,62614.61,686.0,Business,19603.32,Makassar,2021-10-21,No
166,32,54895.89,665.0,Checking,6979.99,Jakarta,2023-10-15,No
167,51,67328.05,700.0,Checking,15535.63,Makassar,2020-02-20,No
168,26,53191.59,660.0,Savings,5803.53,Surabaya,2020-05-22,No
169,41,61036.33,682.0,Business,27396.17,Makassar,2017-07-20,Yes
170,47,66040.93,696.0,Checking,10798.48,Bandung,2022-09-03,No
171,21,45496.1,638.0,Checking,28381.0,Jakarta,2022-07-07,Yes
172,61,66639.63,698.0,Checking,27581.2,Bandung,2020-11-17,Yes
173,64,65525.56,695.0,Checking,34061.1,Surabaya,2017-02-15,Yes
174,25,53362.88,660.0,Checking,18491.0,Bandung,2015-12-21,No
175,47,,,Business,31812.7,Bandung,2015-08-23,Yes
176,47,53805.05,662.0,Business,35812.4,Bandung,2020-12-03,Yes
177,63,78113.17,730.0,Business,11688.89,Medan,2023-03-31,No
178,63,97036.04,783.0,Business,24488.27,Surabaya,2023-07-30,Yes
179,39,71023.0,710.0,Savings,40340.56,Bandung,2019-08-20,Yes
180,49,58245.07,674.0,Business,9275.08,Bandung,2022-11-02,No
181,30,64679.24,692.0,Checking,9404.15,Bandung,2024-06-18,No
182,47,63217.01,688.0,Business,20035.04,Jakarta,2017-10-01,No
183,44,79994.18,735.0,Savings,12423.16,Medan,2018-12-23,No
184,58,75177.03,722.0,Checking,33908.38,Jakarta,2024-04-22,Yes
185,52,57804.23,673.0,Business,13628.22,Medan,2018-05-19,No
186,20,41964.2,628.0,Business,26748.77,Bandung,2024-02-18,Yes
187,46,57412.08,672.0,Business,32730.63,Surabaya,2024-10-20,Yes
188,32,60667.64,681.0,Checking,31536.44,Makassar,2021-08-12,Yes
189,60,96209.24,781.0,Checking,45234.35,Makassar,2023-03-01,Yes
190,22,52067.07,657.0,Savings,32181.59,Bandung,2022-06-28,Yes
191,58,64416.56,691.0,Checking,15062.99,Jakarta,2021-12-28,No
192,25,55435.81,666.0,Checking,34584.48,Surabaya,2018-01-25,Yes
193,27,47392.83,644.0,Business,27189.05,Medan,2015-07-28,Yes
194,46,54985.06,665.0,Checking,30181.11,Bandung,2018-06-06,Yes
195,28,48028.12,645.0,Business,20976.45,Surabaya,2021-08-31,No
196,56,69568.87,706.0,Business,17235.44,Surabaya,2016-01-10,No
197,52,63562.15,689.0,Checking,22509.18,Medan,2015-02-13,No
198,61,95633.15,779.0,Savings,55098.31,Surabaya,2016-05-24,Yes
199,63,,,Savings,9291.58,Jakarta,2022-02-25,No
200,43,54524.33,664.0,Checking,31036.91,Jakarta,2024-09-20,Yes
201,34,67358.12,700.0,Savings,16438.24,Jakarta,2024-10-28,No
202,51,56519.15,669.0,Business,10545.65,Surabaya,2019-12-09,No
203,51,73094.19,716.0,Business,12383.68,Jakarta,2023-09-09,No
204,43,74030.78,719.0,Checking,8613.48,Medan,2022-05-13,No
205,60,88461.24,759.0,Savings,36636.39,Surabaya,2020-01-03,Yes
206,68,86349.47,753.0,Savings,19942.92,Makassar,2020-09-21,No
207,68,68006.63,702.0,Business,47173.41,Surabaya,2016-05-15,Yes
208,31,48834.76,648.0,Checking,21714.96,Medan,2024-05-15,No
209,58,94150.79,775.0,Savings,17204.28,Makassar,2018-07-08,No
210,21,35818.11,611.0,Checking,18383.91,Surabaya,2019-06-17,No
211,22,,,Savings,32653.01,Jakarta,2021-09-17,Yes
212,68,77593.18,729.0,Business,42451.83,Bandung,2018-05-03,Yes
213,56,54370.67,663.0,Business,7930.72,Bandung,2017-07-17,No
214,68,64616.91,692.0,Checking,41195.25,Jakarta,2021-04-22,Yes
215,36,55939.81,668.0,Business,32241.34,Bandung,2015-04-02,Yes
216,68,87553.86,756.0,Savings,17071.46,Bandung,2022-03-15,No
217,21,55521.41,666.0,Business,7277.28,Jakarta,2020-02-20,No
218,21,54023.68,662.0,Checking,23467.15,Jakarta,2021-01-20,Yes
219,47,58597.86,675.0,Checking,11345.8,Surabaya,2021-04-25,No
220,42,70449.79,708.0,Checking,42323.03,Surabaya,2020-04-07,Yes
221,56,70152.97,708.0,Savings,22098.24,Jakarta,2020-10-27,No
222,51,77015.66,727.0,Savings,49885.77,Medan,2021-10-31,Yes
223,52,74446.32,720.0,Savings,32712.67,Bandung,2022-07-11,Yes
224,20,44665.75,636.0,Savings,9362.09,Surabaya,2022-04-09,No
225,38,74085.76,719.0,Savings,13613.95,Bandung,2023-09-10,No
226,21,43062.49,631.0,Business,19200.85,Makassar,2016-11-22,No
227,63,57986.14,673.0,Savings,32305.83,Jakarta,2019-01-04,Yes
228,45,64585.96,692.0,Savings,36743.17,Medan,2024-06-21,Yes
229,51,53678.87,661.0,Business,14249.29,Makassar,2018-12-18,No
230,25,50658.71,653.0,Savings,11274.0,Makassar,2016-03-31,No
231,51,55103.02,665.0,Checking,6064.3,Makassar,2020-04-01,No
232,23,60828.99,681.0,Savings,30871.9,Jakarta,2016-02-04,Yes
233,30,53437.87,661.0,Savings,7798.77,Surabaya,2017-01-10,No
234,36,61080.77,682.0,Checking,21528.33,Jakarta,2024-12-22,No
235,57,93784.15,774.0,Checking,43235.37,Surabaya,2020-05-29,Yes
236,43,,,Checking,33500.62,Makassar,2017-11-02,Yes
237,24,33651.01,605.0,Checking,9660.57,Makassar,2024-12-09,No
238,53,60572.16,681.0,Savings,15134.76,Medan,2024-08-28,No
239,25,54065.87,662.0,Checking,26627.23,Surabaya,2019-05-28,Yes
240,41,53805.65,662.0,Checking,25371.7,Makassar,2017-08-08,Yes
241,30,54527.74,664.0,Business,16318.29,Bandung,2023-05-19,No
242,67,65171.86,694.0,Checking,42808.86,Medan,2022-02-25,Yes
243,35,64595.39,692.0,Checking,39204.07,Jakarta,2021-11-12,Yes
244,52,74120.82,719.0,Business,17373.14,Medan,2023-12-04,No
245,28,53991.0,662.0,Business,13146.03,Bandung,2021-11-21,No
246,25,56570.82,669.0,Savings,23045.83,Surabaya,2017-11-01,No
247,35,42799.42,631.0,Business,24145.0,Jakarta,2021-12-07,Yes
248,48,72758.03,715.0,Savings,9198.38,Jakarta,2018-01-21,No
249,22,35490.24,610.0,Business,18313.0,Surabaya,2022-08-03,No
250,39,67753.66,701.0,Business,33127.58,Medan,2021-03-12,Yes
251,55,76576.13,726.0,Savings,18293.12,Makassar,2015-10-10,No
252,38,66773.69,698.0,Business,33975.24,Medan,2020-02-15,Yes
253,45,50103.63,651.0,Savings,33274.31,Bandung,2018-06-07,Yes
254,22,54352.24,663.0,Business,6960.97,Makassar,2018-04-14,No
255,38,50065.32,651.0,Checking,14608.62,Medan,2021-01-07,No
256,39,50254.58,652.0,Business,18237.69,Surabaya,2018-03-22,No
257,51,69556.52,706.0,Savings,44485.3,Bandung,2022-10-06,Yes
258,26,44439.56,635.0,Business,30101.44,Bandung,2015-09-16,Yes
259,60,59142.01,677.0,Savings,21673.72,Bandung,2021-08-07,No
260,52,78246.35,730.0,Savings,43036.83,Makassar,2023-02-01,Yes
261,59,88098.07,758.0,Checking,36912.79,Jakarta,2021-09-21,Yes
262,58,69920.71,707.0,Checking,29553.37,Makassar,2019-12-20,Yes
263,37,49920.54,651.0,Savings,13321.78,Medan,2024-06-30,No
264,59,81661.96,740.0,Business,18796.44,Jakarta,2017-12-30,No
265,20,43729.85,633.0,Savings,11929.64,Medan,2015-03-11,No
266,30,65924.39,696.0,Savings,28597.79,Jakarta,2019-04-26,Yes
267,47,60519.18,681.0,Business,7110.59,Makassar,2015-05-01,No
268,44,72220.41,713.0,Business,46535.18,Bandung,2024-07-13,Yes
269,69,98259.49,787.0,Business,19039.76,Surabaya,2017-02-05,No
270,42,68403.56,703.0,Business,15873.27,Bandung,2022-11-19,No
271,50,73818.14,718.0,Savings,30336.72,Makassar,2022-09-28,Yes
272,49,78739.06,732.0,Savings,41422.17,Jakarta,2017-03-05,Yes
273,61,89028.28,761.0,Checking,14016.38,Bandung,2021-03-17,No
274,54,74386.57,720.0,Savings,21617.99,Makassar,2015-06-25,No
275,26,48717.67,647.0,Business,33186.71,Medan,2019-11-01,Yes
276,35,59072.59,676.0,Checking,15205.63,Surabaya,2015-02-23,No
277,45,58230.23,674.0,Business,16760.41,Bandung,2024-03-16,No
278,67,,,Savings,58868.97,Jakarta,2024-10-02,Yes
279,68,75629.93,723.0,Checking,9841.62,Medan,2017-03-22,No
280,21,40986.35,626.0,Business,15524.31,Makassar,2017-01-29,No
281,20,,,Checking,12162.29,Surabaya,2022-07-14,No
282,67,68867.97,704.0,Checking,19968.41,Jakarta,2017-07-13,No
283,31,48601.38,647.0,Savings,13191.38,Makassar,2023-12-12,No
284,24,37734.45,617.0,Business,5842.22,Makassar,2020-09-25,No
285,56,77165.2,727.0,Checking,22292.68,Bandung,2018-07-04,No
286,51,66695.87,698.0,Checking,8392.44,Bandung,2023-04-28,No
287,28,55209.11,666.0,Business,31390.7,Jakarta,2019-12-06,Yes
288,60,58909.1,676.0,Checking,19966.45,Makassar,2024-02-10,No
289,54,74066.82,719.0,Checking,27133.81,Bandung,2024-04-10,Yes
290,38,64575.01,692.0,Checking,41079.83,Surabaya,2016-08-26,Yes
291,67,77189.73,727.0,Business,38196.03,Surabaya,2015-01-09,Yes
292,35,55698.8,667.0,Business,5839.21,Makassar,2024-10-31,No
293,22,46370.76,641.0,Business,30878.52,Bandung,2024-01-21,Yes
294,39,80316.0,736.0,Business,19459.5,Jakarta,2015-07-22,No
295,43,59002.06,676.0,Savings,9709.88,Jakarta,2023-04-29,No
296,52,69917.13,707.0,Checking,39214.9,Jakarta,2019-07-29,Yes
297,43,62364.02,686.0,Business,24963.47,Surabaya,2017-08-03,Yes
298,30,47971.94,645.0,Checking,17282.48,Bandung,2023-10-13,No
299,68,88734.06,760.0,Checking,22157.06,Bandung,2016-12-18,No
300,27,,,Savings,24168.2,Surabaya,2024-06-19,Yes
301,55,75557.47,723.0,Business,19994.83,Jakarta,2017-01-20,No
302,57,73157.58,716.0,Business,46890.34,Jakarta,2021-02-17,Yes
303,59,68125.89,702.0,Checking,15609.19,Makassar,2017-03-25,No
304,39,73456.51,717.0,Business,46322.63,Medan,2020-06-14,Yes
305,54,77531.12,728.0,Checking,33775.91,Bandung,2021-11-01,Yes
306,67,84589.33,748.0,Checking,50507.69,Bandung,2016-11-25,Yes
307,44,52080.24,657.0,Savings,27483.14,Bandung,2020-03-16,Yes
308,54,51088.0,654.0,Savings,26464.46,Medan,2019-09-09,Yes
309,44,60555.91,681.0,Savings,17840.23,Makassar,2015-09-17,No
310,48,65769.9,695.0,Checking,15807.02,Medan,2023-03-06,No
311,37,71205.46,711.0,Business,16130.3,Jakarta,2018-05-10,No
312,65,60309.13,680.0,Savings,37048.8,Jakarta,2020-09-28,Yes
313,37,,,Business,36234.03,Bandung,2020-02-22,Yes
314,21,33572.99,605.0,Savings,12232.12,Surabaya,2020-02-17,No
315,54,81475.67,739.0,Savings,14620.22,Bandung,2016-01-27,No
316,35,44617.31,636.0,Checking,14694.77,Surabaya,2019-03-26,No
317,60,89522.16,762.0,Savings,42219.19,Medan,2019-07-10,Yes
318,55,60603.08,681.0,Savings,22583.24,Jakarta,2022-05-01,No
319,52,79633.27,734.0,Checking,45240.74,Surabaya,2023-05-25,Yes
320,23,,,,32251.48,Medan,2020-06-12,Yes
321,52,63506.49,689.0,Savings,13633.53,Jakarta,2015-11-13,No
322,33,49861.82,651.0,Checking,18737.6,Surabaya,2017-05-14,No
323,40,56632.52,670.0,Savings,20307.88,Bandung,2016-08-25,No
324,67,77284.34,728.0,Checking,21847.94,Bandung,2016-03-30,No
325,39,70288.49,708.0,Business,15383.15,Bandung,2018-08-28,No
326,27,48262.17,646.0,Business,6728.48,Medan,2017-04-17,No
327,26,48487.13,647.0,Checking,30657.04,Bandung,2017-03-07,Yes
328,22,46660.04,642.0,Checking,16420.1,Makassar,2015-07-19,No
329,36,,,Checking,25079.09,Jakarta,2015-03-06,Yes
330,52,51761.39,656.0,Business,33653.46,Medan,2016-01-11,Yes
331,67,75502.89,723.0,Savings,42717.6,Bandung,2016-09-20,Yes
332,31,58732.69,676.0,Business,10472.08,Jakarta,2019-04-23,No
333,41,69654.76,706.0,Checking,30595.99,Surabaya,2020-02-07,Yes
334,41,52587.78,658.0,Checking,19213.02,Bandung,2016-05-28,No
335,65,68944.1,704.0,Business,39872.21,Jakarta,2019-03-31,Yes
336,49,69072.51,705.0,Checking,36921.99,Makassar,2018-06-01,Yes
337,57,85898.39,752.0,Business,44172.68,Surabaya,2016-10-31,Yes
338,57,63659.63,689.0,Checking,19373.34,Makassar,2015-01-25,No
339,64,77365.92,728.0,Savings,45102.65,Jakarta,2019-09-01,Yes
340,27,58075.93,674.0,Savings,7633.2,Makassar,2021-11-07,No
341,46,46821.31,642.0,Checking,9166.44,Jakarta,2017-04-05,No
342,46,56772.02,670.0,Business,17109.61,Jakarta,2016-04-26,No
343,53,85016.39,749.0,Savings,12419.57,Makassar,2023-11-12,No
344,40,70495.71,709.0,Business,16989.22,Jakarta,2017-09-30,No
345,49,51856.95,656.0,Checking,31015.16,Bandung,2017-03-27,Yes
346,52,69097.56,705.0,Business,46222.88,Jakarta,2023-07-26,Yes
347,47,,,Savings,15532.61,Medan,2023-03-02,No
348,66,94444.91,776.0,Business,24433.79,Jakarta,2019-06-25,Yes
349,52,83363.89,745.0,Business,22336.15,Medan,2019-11-21,No
350,24,44307.23,635.0,Checking,11813.7,Jakarta,2017-03-05,No
351,67,67261.85,699.0,Checking,8176.22,Jakarta,2015-10-13,No
352,38,53619.62,661.0,Checking,35182.51,Makassar,2020-09-24,Yes
353,23,47390.02,644.0,Savings,10815.3,Bandung,2015-12-25,No
354,54,62689.88,687.0,Savings,22066.99,Bandung,2019-06-28,No
355,68,92695.51,771.0,Checking,9808.31,Surabaya,2024-05-25,No
356,36,47953.05,645.0,Checking,29480.24,Makassar,2024-07-09,Yes
357,63,88375.26,759.0,Savings,47607.26,Makassar,2017-05-23,Yes
358,47,74480.45,720.0,Savings,49756.94,Bandung,2021-03-28,Yes
359,49,56652.16,670.0,Savings,32233.34,Makassar,2019-09-27,Yes
360,48,60841.38,681.0,Savings,17535.94,Bandung,2023-10-02,No
361,65,76980.46,727.0,Checking,19146.89,Makassar,2017-09-17,No
362,25,42076.41,629.0,Savings,21822.08,Jakarta,2015-01-14,No
363,54,72250.99,714.0,Checking,23009.6,Bandung,2016-08-16,No
364,60,61511.11,683.0,Business,27048.22,Bandung,2018-06-29,Yes
365,56,75104.03,722.0,Business,7792.38,Medan,2018-02-26,No
366,43,73161.08,716.0,Savings,10032.68,Makassar,2022-11-28,No
367,48,66348.06,697.0,Business,27947.18,Makassar,2021-10-20,Yes
368,68,92481.86,770.0,Business,40659.0,Bandung,2017-12-29,Yes
369,65,80563.79,737.0,Business,44380.32,Jakarta,2019-07-29,Yes
370,50,85653.17,751.0,Savings,15347.27,Jakarta,2015-12-15,No
371,54,,,Savings,28809.69,Jakarta,2023-12-23,Yes
372,52,,,Business,12892.92,Makassar,2024-05-07,No
373,40,62177.22,685.0,Checking,9694.53,Medan,2024-10-16,No
374,51,55300.59,666.0,Business,19150.45,Bandung,2023-09-06,No
375,42,54618.06,664.0,Savings,10814.48,Surabaya,2016-09-26,No
376,52,76452.52,725.0,Savings,17818.73,Medan,2015-06-18,No
377,22,38175.9,618.0,Savings,11091.35,Surabaya,2020-10-16,No
378,37,58684.48,675.0,Business,15001.69,Medan,2024-02-14,No
379,44,73257.96,716.0,Checking,11175.85,Jakarta,2016-10-09,No
380,61,86935.12,755.0,Savings,13383.64,Makassar,2015-01-26,No
381,50,72921.71,715.0,Savings,15747.42,Surabaya,2023-01-19,No
382,22,43077.55,632.0,Business,5614.53,Medan,2015-10-08,No
383,59,75347.05,722.0,Checking,35855.72,Makassar,2019-02-19,Yes
384,65,76454.96,725.0,Business,20826.03,Surabaya,2021-10-13,No
385,43,70208.9,708.0,Savings,18805.28,Bandung,2017-05-14,No
386,69,87951.41,758.0,Checking,26314.97,Medan,2015-11-03,Yes
387,51,72479.99,714.0,Checking,36071.68,Bandung,2022-09-11,Yes
388,66,87064.92,755.0,Savings,54187.49,Jakarta,2021-04-19,Yes
389,41,48588.44,647.0,Checking,26988.55,Bandung,2024-11-16,Yes
390,42,62716.86,687.0,Checking,33648.69,Bandung,2018-06-10,Yes
391,21,48978.57,648.0,Business,19132.73,Medan,2015-08-14,No
392,46,52283.28,657.0,Savings,26992.98,Jakarta,2022-05-04,Yes
393,61,85328.03,750.0,Savings,36832.48,Bandung,2020-03-19,Yes
394,21,48732.23,647.0,Savings,11196.25,Makassar,2017-02-17,No
395,45,70254.97,708.0,Savings,15818.12,Surabaya,2022-10-24,No
396,36,58886.91,676.0,Savings,16360.86,Bandung,2017-01-13,No
397,59,76270.87,725.0,Checking,49307.71,Jakarta,2017-08-09,Yes
398,52,60858.37,681.0,Business,26074.7,Bandung,2015-12-04,Yes
399,28,54800.6,664.0,Savings,29611.13,Surabaya,2018-12-28,Yes
400,62,75018.19,721.0,Business,23100.75,Jakarta,2019-03-10,No
401,67,92490.81,770.0,Business,31875.06,Medan,2020-02-22,Yes
402,58,79956.98,735.0,Checking,14019.61,Jakarta,2022-01-31,No
403,48,58773.21,676.0,Savings,11917.85,Medan,2024-01-21,No
404,61,92924.47,772.0,Checking,55421.45,Jakarta,2016-05-17,Yes
405,45,67303.53,700.0,Savings,30347.38,Surabaya,2015-07-18,Yes
406,54,83071.68,744.0,Checking,25130.8,Surabaya,2015-03-09,Yes
407,69,83657.17,746.0,Business,48664.27,Jakarta,2016-06-08,Yes
408,44,70694.08,709.0,Savings,17525.91,Bandung,2021-07-29,No
409,43,62126.07,685.0,Business,42594.85,Surabaya,2022-04-09,Yes
410,32,59668.22,678.0,Business,18311.61,Medan,2022-11-10,No
411,26,41966.91,628.0,Checking,12690.23,Medan,2017-06-08,No
412,55,,,Savings,18474.72,Makassar,2018-01-21,No
413,64,70329.79,708.0,Business,12185.82,Medan,2019-10-30,No
414,39,52610.9,658.0,Checking,8769.3,Makassar,2015-08-19,No
415,20,52872.07,659.0,Savings,25847.2,Jakarta,2021-02-08,Yes
416,27,54041.65,662.0,Savings,33779.86,Jakarta,2024-10-30,Yes
417,65,83895.15,746.0,Business,48182.02,Jakarta,2018-08-09,Yes
418,35,59534.29,678.0,Savings,10993.87,Bandung,2022-07-10,No
419,33,59238.66,677.0,Business,25315.6,Bandung,2019-12-31,Yes
420,31,61865.92,684.0,Savings,10106.1,Makassar,2016-04-11,No
421,42,67746.73,701.0,Checking,8615.81,Medan,2020-10-26,No
422,34,57268.91,671.0,Business,28281.19,Medan,2017-12-30,Yes
423,47,62329.61,686.0,Business,26246.46,Jakarta,2015-05-06,Yes
424,53,66482.45,697.0,Savings,9920.13,Surabaya,2021-05-06,No
425,21,39110.44,620.0,Savings,4730.94,Bandung,2023-08-02,No
426,51,72851.72,715.0,Business,50548.45,Bandung,2018-06-12,Yes
427,42,72679.31,715.0,Savings,8577.09,Jakarta,2018-11-25,No
428,41,59229.53,677.0,Checking,21720.47,Bandung,2023-11-27,No
429,44,64034.19,690.0,Savings,25791.14,Jakarta,2023-02-17,Yes
430,41,65803.06,695.0,Checking,11210.74,Makassar,2022-02-22,No
431,41,54393.49,663.0,Checking,10956.87,Medan,2017-06-27,No
432,68,85775.5,752.0,Checking,26683.3,Surabaya,2024-02-05,Yes
433,61,99058.89,789.0,Checking,55176.35,Medan,2016-07-17,Yes
434,25,39266.65,621.0,Checking,15873.52,Medan,2021-04-06,No
435,34,46224.85,640.0,Savings,22314.64,Makassar,2015-04-16,No
436,62,75409.7,722.0,Checking,52116.0,Bandung,2021-06-07,Yes
437,56,90261.39,764.0,Savings,50618.88,Surabaya,2017-10-08,Yes
438,52,58940.95,676.0,Checking,21255.1,Bandung,2019-06-30,No
439,27,49123.94,649.0,Business,18070.99,Medan,2018-06-14,No
440,63,,,Checking,34081.52,Jakarta,2016-09-22,Yes
441,63,83869.45,746.0,Business,41869.23,Medan,2021-03-20,Yes
442,24,56456.39,669.0,Checking,22606.64,Bandung,2023-10-25,No
443,58,82848.71,743.0,Checking,40340.42,Medan,2024-08-01,Yes
444,23,34738.43,608.0,Checking,3964.33,Jakarta,2016-12-03,No
445,25,50751.2,653.0,Business,18157.45,Makassar,2022-03-03,No
446,64,60071.96,679.0,Business,16061.01,Bandung,2021-08-21,No
447,51,58304.06,674.0,Checking,10349.24,Medan,2018-06-07,No
448,49,60944.72,682.0,Savings,9734.57,Bandung,2015-03-11,No
449,66,68701.02,704.0,Checking,31734.05,Makassar,2021-11-22,Yes
450,54,81023.58,738.0,Business,33556.75,Medan,2024-06-13,Yes
451,59,84408.71,748.0,Checking,21283.7,Medan,2021-04-26,No
452,35,48473.19,647.0,Business,18544.39,Bandung,2019-05-08,No
453,32,57974.33,673.0,Business,22919.53,Bandung,2020-03-31,No
454,69,65683.44,695.0,Business,14253.66,Jakarta,2016-12-29,No
455,61,88247.28,758.0,Checking,43351.99,Makassar,2022-07-02,Yes
456,49,84066.18,747.0,Business,47795.96,Jakarta,2022-06-17,Yes
457,38,56745.59,670.0,Business,32621.8,Medan,2016-06-15,Yes
458,36,59655.89,678.0,Checking,27530.11,Bandung,2023-10-10,Yes
459,38,53096.27,660.0,Business,21609.29,Medan,2017-09-09,No
460,47,55841.26,667.0,Checking,7628.16,Medan,2024-10-25,No
461,45,61995.99,685.0,Business,16906.23,Surabaya,2018-10-29,No
462,56,75609.19,723.0,Savings,11792.23,Surabaya,2016-10-11,No
463,45,65839.56,695.0,Savings,44658.57,Medan,2018-07-07,Yes
464,42,51210.55,654.0,Business,9271.57,Bandung,2019-05-26,No
465,28,52812.47,659.0,Savings,10090.63,Medan,2015-09-10,No
466,31,47999.37,645.0,Checking,30419.41,Surabaya,2020-10-11,Yes
467,20,48729.75,647.0,Savings,32471.41,Bandung,2020-12-21,Yes
468,20,41899.85,628.0,Business,23442.86,Medan,2022-05-21,Yes
469,66,79114.18,733.0,Business,8167.98,Makassar,2015-04-17,No
470,53,64664.99,692.0,Checking,6518.73,Makassar,2020-05-29,No
471,51,62928.25,687.0,,20568.76,Medan,2015-07-13,No
472,67,91169.01,767.0,Checking,16960.83,Bandung,2022-01-03,No
473,44,58786.16,676.0,Savings,6527.13,Medan,2015-07-23,No
474,59,88998.74,761.0,Savings,33680.68,Medan,2024-02-10,Yes
475,64,87529.69,756.0,Checking,58280.52,Surabaya,2022-01-06,Yes
476,20,48273.62,646.0,Checking,14206.53,Makassar,2020-01-26,No
477,35,41569.04,627.0,Business,20646.7,Surabaya,2019-05-31,No
478,58,69362.7,705.0,Savings,34080.75,Surabaya,2016-04-21,Yes
479,24,59433.63,677.0,Checking,14896.93,Medan,2017-11-28,No
480,41,61786.88,684.0,Savings,30291.33,Surabaya,2023-09-07,Yes
481,48,61813.36,684.0,Checking,14056.38,Makassar,2024-01-15,No
482,22,56512.24,669.0,Savings,9788.17,Surabaya,2015-01-03,No
483,31,51036.51,654.0,Business,26581.34,Makassar,2020-12-08,Yes
484,45,73359.37,717.0,Savings,12329.11,Surabaya,2022-03-10,No
485,35,56533.23,669.0,Savings,39468.42,Makassar,2021-03-08,Yes
486,56,83714.12,746.0,Savings,17585.95,Surabaya,2015-10-26,No
487,41,55194.63,666.0,Savings,25195.53,Surabaya,2017-03-05,Yes
488,48,62874.76,687.0,Savings,21806.52,Bandung,2017-07-02,No
489,33,53211.54,660.0,Business,9356.28,Makassar,2023-04-24,No
490,47,57864.41,673.0,Checking,6753.14,Makassar,2019-08-18,No
491,24,57189.7,671.0,Savings,27087.3,Makassar,2019-11-12,Yes
492,66,88834.34,760.0,Business,51884.1,Jakarta,2024-05-05,Yes
493,68,65507.34,695.0,Savings,39645.66,Surabaya,2021-05-14,Yes
494,49,80186.78,736.0,Savings,31243.02,Makassar,2023-12-25,Yes
495,65,59638.58,678.0,Checking,33783.66,Jakarta,2019-07-25,Yes
496,24,47643.07,644.0,Savings,23998.21,Bandung,2016-06-29,Yes
497,31,68904.1,704.0,Business,36832.88,Makassar,2024-04-17,Yes
498,35,60016.78,679.0,Business,23740.2,Makassar,2019-08-02,Yes
499,45,73622.17,717.0,Checking,35342.1,Jakarta,2016-10-24,Yes
500,45,,,Savings,39937.34,Surabaya,2018-01-08,Yes
501,67,83860.58,746.0,Business,28406.14,Bandung,2015-07-05,Yes
502,40,43379.68,632.0,Savings,25315.83,Makassar,2019-09-06,Yes
503,58,61943.45,685.0,Savings,28197.28,Surabaya,2023-07-11,Yes
504,55,80492.36,737.0,Savings,16061.49,Bandung,2024-04-30,No
505,52,58412.34,675.0,Checking,6706.35,Medan,2024-04-26,No
506,49,72386.1,714.0,Savings,22993.6,Medan,2016-04-02,No
507,56,71128.96,710.0,Business,30444.46,Bandung,2018-10-26,Yes
508,42,52869.74,659.0,Savings,31927.62,Jakarta,2015-04-14,Yes
509,29,50174.86,651.0,Business,8855.43,Bandung,2023-07-19,No
510,24,51887.42,656.0,Savings,30101.13,Bandung,2018-08-02,Yes
511,55,63504.73,689.0,Business,39233.56,Jakarta,2021-04-22,Yes
512,53,81027.19,738.0,Business,15428.59,Jakarta,2022-02-22,No
513,50,70538.41,709.0,Savings,43095.91,Surabaya,2019-04-18,Yes
514,29,,,Savings,36169.98,Surabaya,2018-01-23,Yes
515,38,64445.62,692.0,Business,34549.51,Jakarta,2024-08-13,Yes
516,51,84833.32,749.0,Checking,48428.1,Medan,2024-08-21,Yes
517,20,57029.55,671.0,Savings,39729.59,Medan,2017-11-22,Yes
518,24,53538.1,661.0,Checking,24803.6,Bandung,2019-10-17,Yes
519,64,81601.75,740.0,Savings,23234.61,Makassar,2024-09-20,No
520,23,52558.56,658.0,Savings,31667.5,Bandung,2015-01-18,Yes
521,35,59940.86,679.0,Savings,28093.77,Bandung,2019-02-15,Yes
522,43,,,Savings,25170.66,Makassar,2016-01-02,Yes
523,35,60750.53,681.0,Checking,15320.15,Jakarta,2020-02-02,No
524,21,57023.99,671.0,Savings,31579.92,Medan,2015-04-01,Yes
525,68,82688.07,743.0,Business,12320.55,Bandung,2019-01-25,No
526,47,76341.96,725.0,Business,49971.33,Makassar,2017-03-16,Yes
527,51,52887.49,659.0,Checking,15627.94,Surabaya,2020-04-30,No
528,46,,,Savings,11459.35,Bandung,2024-12-14,No
529,39,69593.89,706.0,Business,25430.99,Medan,2022-12-31,Yes
530,43,70365.21,708.0,Checking,8829.56,Jakarta,2023-06-14,No
531,31,51298.28,655.0,Savings,26201.92,Bandung,2021-05-07,Yes
532,69,81372.56,739.0,Business,52210.53,Bandung,2015-06-01,Yes
533,54,81461.2,739.0,Business,49068.79,Makassar,2017-01-24,Yes
534,52,57487.89,672.0,Checking,10142.11,Surabaya,2024-03-30,No
535,52,60992.2,682.0,Savings,10720.15,Surabaya,2018-08-29,No
536,62,69398.99,705.0,Savings,40810.82,Jakarta,2016-01-14,Yes
537,56,65834.87,695.0,Business,43092.38,Medan,2022-01-07,Yes
538,31,55907.34,668.0,Business,21043.63,Jakarta,2017-12-29,No
539,22,41098.52,626.0,Business,16414.04,Bandung,2017-09-08,No
540,20,43127.8,632.0,Savings,12548.34,Bandung,2024-12-21,No
541,52,67136.63,699.0,Checking,42736.43,Surabaya,2023-07-30,Yes
542,59,56278.99,669.0,Checking,27404.59,Medan,2019-01-28,Yes
543,29,66270.59,697.0,Savings,18088.62,Makassar,2024-10-17,No
544,62,99444.96,790.0,Checking,27771.97,Medan,2021-06-30,Yes
545,63,74227.74,719.0,Business,47113.83,Bandung,2022-06-01,Yes
546,48,57625.76,672.0,Checking,6233.98,Makassar,2015-04-26,No
547,32,51448.56,655.0,Checking,15107.15,Medan,2016-03-19,No
548,31,58490.19,675.0,Checking,25303.68,Medan,2021-04-29,Yes
549,50,67796.23,701.0,Business,12808.77,Makassar,2023-12-26,No
550,65,,,Savings,11954.15,Bandung,2021-03-26,No
551,21,46070.09,640.0,Business,27142.92,Medan,2016-05-04,Yes
552,69,83444.73,745.0,Savings,53124.47,Makassar,2016-02-27,Yes
553,54,60820.75,681.0,Savings,87004.79628458768,Bandung,2023-06-09,Yes
554,42,71450.88,711.0,Savings,45676.6,Makassar,2016-05-23,Yes
555,36,60702.46,681.0,Checking,26215.4,Makassar,2020-03-13,Yes
556,45,56850.29,670.0,Checking,33391.29,Medan,2015-05-16,Yes
557,27,52545.07,658.0,Savings,17362.24,Bandung,2015-10-22,No
558,48,80444.6,737.0,Savings,40203.05,Medan,2021-09-20,Yes
559,45,59803.02,679.0,Checking,41461.51,Jakarta,2021-11-20,Yes
560,29,41169.18,626.0,Business,9692.73,Jakarta,2018-05-31,No
561,45,61612.64,684.0,Savings,20574.92,Bandung,2017-02-25,No
562,53,74292.98,719.0,Business,28827.79,Makassar,2023-02-18,Yes
563,60,95146.43,778.0,Checking,17393.65,Medan,2017-03-03,No
564,26,42894.68,631.0,Savings,6375.14,Medan,2020-06-01,No
565,23,46472.91,641.0,Business,27783.07,Bandung,2024-09-03,Yes
566,69,58988.79,676.0,Business,40470.83,Bandung,2016-06-23,Yes
567,64,53917.75,662.0,Business,18484.89,Jakarta,2024-05-27,No
568,30,60631.43,681.0,Checking,9251.74,Surabaya,2016-10-29,No
569,48,68635.88,703.0,Checking,9573.82,Bandung,2020-09-02,No
570,55,64999.3,693.0,Business,41260.96,Surabaya,2018-10-08,Yes
571,44,56523.22,669.0,Business,21382.09,Bandung,2024-08-22,No
572,40,64076.67,691.0,Checking,18711.44,Makassar,2017-09-25,No
573,55,59216.27,677.0,Business,22850.18,Makassar,2018-12-29,No
574,29,64034.41,690.0,Business,18632.89,Jakarta,2024-10-27,No
575,56,61598.63,684.0,Checking,24234.22,Jakarta,2020-05-12,Yes
576,28,54497.64,664.0,Business,33556.04,Surabaya,2020-01-09,Yes
577,43,61709.11,684.0,Business,28101.15,Bandung,2017-07-29,Yes
578,54,85236.19,750.0,Business,44049.41,Medan,2022-01-03,Yes
579,68,65993.37,696.0,Checking,21038.85,Jakarta,2015-02-22,No
580,54,76072.49,724.0,Business,41315.24,Medan,2015-06-30,Yes
581,67,76756.54,726.0,Checking,38375.99,Medan,2020-12-27,Yes
582,55,82974.76,744.0,Checking,14249.85,Bandung,2018-06-01,No
583,37,70281.04,708.0,Savings,31175.67,Surabaya,2024-07-11,Yes
584,68,90807.45,766.0,Savings,23069.28,Bandung,2024-01-10,No
585,58,,,Business,40193.98,Jakarta,2022-02-18,Yes
586,51,76193.38,725.0,Checking,27091.52,Medan,2023-03-06,Yes
587,43,63604.59,689.0,Savings,44320.34,Bandung,2021-09-01,Yes
588,42,59289.79,677.0,Business,9219.58,Bandung,2016-04-03,No
589,51,82898.28,743.0,Savings,47103.52,Bandung,2022-08-26,Yes
590,56,53178.78,660.0,Savings,26813.86,Jakarta,2017-02-06,Yes
591,31,57253.63,671.0,Checking,32090.62,Surabaya,2018-03-26,Yes
592,68,69580.75,706.0,Checking,19796.97,Bandung,2023-03-10,No
593,32,49037.05,648.0,Savings,19381.05,Jakarta,2020-05-12,No
594,42,47877.04,645.0,Savings,27668.38,Medan,2023-08-05,Yes
595,44,57227.03,671.0,Checking,13707.29,Makassar,2017-02-16,No
596,54,71119.29,710.0,Business,16757.12,Jakarta,2021-01-27,No
597,60,61556.67,683.0,Checking,26508.18,Makassar,2015-11-02,Yes
598,49,54504.84,664.0,Savings,22572.53,Bandung,2021-06-05,No
599,36,68209.98,702.0,Business,18372.87,Bandung,2022-08-15,No
600,68,89361.02,762.0,Savings,24917.91,Jakarta,2020-11-04,Yes
601,39,67146.05,699.0,Business,17908.33,Makassar,2017-08-29,No
602,67,,,Savings,53849.56,Bandung,2015-04-25,Yes
603,44,68392.2,703.0,Business,33590.18,Medan,2016-03-11,Yes
604,41,51342.26,655.0,Business,30777.13,Surabaya,2021-03-21,Yes
605,32,53288.83,660.0,Savings,36517.97,Surabaya,2024-05-03,Yes
606,38,66498.54,697.0,Business,25568.59,Bandung,2017-01-23,Yes
607,68,77727.3,729.0,Checking,10883.09,Makassar,2022-05-06,No
608,55,85480.54,751.0,Savings,11014.63,Bandung,2023-08-29,No
609,31,40929.59,625.0,Checking,11353.83,Makassar,2020-03-16,No
610,60,66984.08,699.0,Savings,44177.79,Medan,2021-09-08,Yes
611,38,51366.13,655.0,Business,21261.87,Makassar,2023-02-22,No
612,31,59952.44,679.0,Business,15771.8,Bandung,2017-08-09,No
613,28,50406.03,652.0,Business,17112.85,Medan,2017-12-19,No
614,26,53101.79,660.0,Savings,24382.06,Jakarta,2015-01-03,Yes
615,47,50621.39,653.0,Checking,24894.07,Surabaya,2024-08-16,Yes
616,33,46532.01,641.0,Checking,8950.51,Bandung,2024-03-03,No
617,50,82839.56,743.0,Savings,56846.08,Bandung,2022-08-22,Yes
618,38,65424.39,694.0,Savings,27927.27,Bandung,2015-10-16,Yes
619,66,66169.13,696.0,Checking,12003.94,Medan,2019-06-22,No
620,35,66075.37,696.0,Checking,42035.91,Jakarta,2016-01-07,Yes
621,24,48856.28,648.0,Checking,7073.56,Makassar,2015-02-28,No
622,54,,,Checking,43807.17,Jakarta,2021-02-27,Yes
623,31,40405.15,624.0,Savings,28200.34,Medan,2024-08-08,Yes
624,44,63126.61,688.0,Savings,32842.19,Bandung,2024-01-09,Yes
625,40,56634.45,670.0,Business,31843.76,Surabaya,2021-12-18,Yes
626,55,69127.77,705.0,Checking,20902.97,Bandung,2015-12-19,No
627,42,,,Business,50417.54,Makassar,2017-09-27,Yes
628,35,62454.72,686.0,Savings,26095.36,Surabaya,2018-03-14,Yes
629,58,57385.16,672.0,Savings,30955.45,Bandung,2022-08-17,Yes
630,64,72231.55,713.0,Business,47273.0,Surabaya,2023-01-07,Yes
631,61,79679.08,734.0,Checking,54588.77,Jakarta,2018-11-06,Yes
632,58,65198.72,694.0,Checking,39114.19,Medan,2019-03-06,Yes
633,33,45367.6,638.0,Checking,12785.07,Bandung,2015-06-12,No
634,50,84897.26,749.0,Checking,57724.07,Makassar,2017-11-21,Yes
635,24,48796.21,648.0,Business,23269.53,Jakarta,2019-07-06,Yes
636,54,61758.4,684.0,Business,40660.84,Bandung,2016-03-02,Yes
637,42,,,Savings,27286.86,Jakarta,2019-07-13,Yes
638,48,53906.04,662.0,Checking,15327.83,Makassar,2023-07-12,No
639,62,73913.68,718.0,Checking,23801.29,Bandung,2020-10-22,Yes
640,30,64496.32,692.0,Checking,27751.67,Makassar,2015-10-16,Yes
641,37,55087.08,665.0,Business,31620.47,Surabaya,2016-11-30,Yes
642,66,87045.13,755.0,Checking,25311.81,Makassar,2019-09-29,Yes
643,31,59385.51,677.0,Business,26595.13,Surabaya,2018-08-12,Yes
644,28,44448.29,635.0,Checking,13662.29,Bandung,2018-08-02,No
645,29,55660.82,667.0,Checking,32809.92,Surabaya,2020-04-15,Yes
646,63,70800.23,709.0,Savings,26906.7,Bandung,2020-11-03,Yes
647,36,64579.84,692.0,Checking,9430.83,Bandung,2022-12-18,No
648,57,62570.38,686.0,Checking,12491.02,Medan,2018-05-29,No
649,26,53295.75,660.0,Savings,7283.55,Bandung,2023-01-18,No
650,65,75023.29,721.0,Business,29977.94,Surabaya,2018-05-20,Yes
651,32,57444.93,672.0,Business,9409.62,Medan,2015-07-22,No
652,59,68488.41,703.0,Checking,11539.2,Medan,2020-07-15,No
653,61,82263.45,742.0,Business,54674.67,Bandung,2020-11-15,Yes
654,28,44880.62,637.0,Checking,27987.24,Makassar,2024-05-04,Yes
655,69,90195.83,764.0,Savings,33485.38,Makassar,2022-04-04,Yes
656,46,77228.73,727.0,Savings,53402.37,Medan,2024-03-03,Yes
657,21,44230.75,635.0,Checking,4428.03,Bandung,2024-01-29,No
658,24,36855.93,614.0,Savings,87004.79628458768,Makassar,2021-01-15,No
659,48,72833.74,715.0,Savings,34221.43,Bandung,2020-04-10,Yes
660,56,78929.16,732.0,Checking,29556.27,Bandung,2020-07-27,Yes
661,57,,,Checking,27519.35,Medan,2024-10-10,Yes
662,38,65894.63,696.0,Savings,24593.85,Medan,2022-09-23,Yes
663,27,51545.12,655.0,Business,17988.02,Jakarta,2016-01-23,No
664,67,67976.29,701.0,Business,36591.33,Makassar,2022-10-12,Yes
665,64,80328.15,736.0,Checking,14556.53,Makassar,2016-09-14,No
666,20,52724.63,659.0,Checking,11524.74,Makassar,2019-06-21,No
667,41,66429.54,697.0,Business,13838.0,Surabaya,2017-02-07,No
668,36,56285.68,669.0,Savings,14492.57,Bandung,2021-11-21,No
669,26,56225.45,668.0,Business,23342.28,Medan,2023-10-08,Yes
670,44,64499.91,692.0,Business,10753.76,Makassar,2017-11-25,No
671,64,77400.15,728.0,Business,48057.87,Jakarta,2015-10-27,Yes
672,23,51986.28,657.0,Business,14473.86,Makassar,2017-12-25,No
673,55,80660.72,737.0,Checking,15932.33,Bandung,2021-09-20,No
674,25,46101.65,640.0,Checking,23298.52,Bandung,2018-04-14,Yes
675,50,83016.88,744.0,Savings,10198.77,Medan,2017-10-12,No
676,38,61397.02,683.0,Savings,28978.23,Surabaya,2016-11-04,Yes
677,63,61479.69,683.0,Savings,31902.98,Medan,2019-12-21,Yes
678,58,74632.84,720.0,Savings,17087.18,Makassar,2017-10-04,No
679,46,,,Business,8840.41,Jakarta,2022-04-22,No
680,29,58552.9,675.0,Checking,18630.78,Medan,2015-10-07,No
681,45,67903.15,701.0,Checking,10807.23,Surabaya,2021-08-20,No
682,38,67259.05,699.0,Savings,11426.42,Medan,2017-05-17,No
683,58,83979.39,746.0,Savings,21209.56,Bandung,2019-11-21,No
684,22,47215.73,643.0,Business,13092.01,Makassar,2017-11-10,No
685,64,94858.73,777.0,Business,39649.26,Makassar,2022-03-23,Yes
686,32,62605.65,686.0,Savings,31743.27,Makassar,2024-06-12,Yes
687,69,66188.04,696.0,Checking,30159.41,Makassar,2024-03-01,Yes
688,47,,,Checking,9278.19,Makassar,2020-10-30,No
689,39,61392.82,683.0,Checking,12478.19,Makassar,2019-08-16,No
690,47,76686.04,726.0,Savings,48102.2,Jakarta,2023-03-06,Yes
691,27,46806.3,642.0,Checking,20361.28,Surabaya,2021-10-30,No
692,60,82150.79,741.0,Business,51094.73,Makassar,2016-11-01,Yes
693,58,68383.61,703.0,Business,22082.98,Surabaya,2023-03-16,No
694,20,37977.57,617.0,Savings,17797.81,Makassar,2019-04-15,No
695,22,52808.4,659.0,Business,21873.14,Medan,2016-11-20,No
696,32,53386.23,660.0,Savings,15560.7,Makassar,2017-10-25,No
697,47,62976.72,687.0,Checking,24053.91,Bandung,2017-09-03,Yes
698,68,71811.45,712.0,Checking,28831.91,Jakarta,2020-03-10,Yes
699,44,65650.38,695.0,Checking,14473.45,Medan,2017-05-05,No
700,52,74906.02,721.0,Business,21648.31,Medan,2016-03-27,No
701,57,63929.86,690.0,Savings,36749.81,Bandung,2016-03-27,Yes
702,25,45512.3,638.0,Checking,29559.01,Makassar,2020-10-29,Yes
703,63,81080.41,738.0,Savings,25611.39,Jakarta,2022-05-05,Yes
704,64,99449.27,790.0,Checking,28261.83,Medan,2018-03-19,Yes
705,51,51613.41,656.0,Business,11206.21,Jakarta,2015-05-07,No
706,64,78675.52,732.0,Business,39895.94,Medan,2016-04-09,Yes
707,66,70391.96,708.0,Savings,20685.37,Makassar,2024-02-21,No
708,40,63616.17,689.0,Business,44063.72,Medan,2019-12-07,Yes
709,35,58623.14,675.0,Business,17317.91,Medan,2019-07-14,No
710,40,46269.83,641.0,Savings,15568.95,Surabaya,2015-05-19,No
711,30,58187.58,674.0,Checking,26882.69,Makassar,2022-04-13,Yes
712,56,72821.04,715.0,Business,42309.79,Bandung,2020-04-11,Yes
713,55,60914.14,682.0,Savings,23251.61,Bandung,2017-01-07,No
714,54,72444.17,714.0,Business,25615.8,Makassar,2016-02-06,Yes
715,38,49445.37,649.0,Business,34482.35,Bandung,2018-10-31,Yes
716,39,69747.82,706.0,Business,7413.93,Makassar,2023-05-14,No
717,37,64734.99,692.0,Business,41238.72,Bandung,2023-08-25,Yes
718,66,84685.95,748.0,Savings,16046.68,Surabaya,2021-01-09,No
719,60,73084.65,716.0,Savings,41771.91,Bandung,2022-04-09,Yes
720,68,99592.29,790.0,Savings,46883.96,Medan,2016-02-25,Yes
721,33,61959.67,685.0,Business,18904.41,Makassar,2020-11-16,No
722,34,56643.8,670.0,Business,35364.14,Jakarta,2021-08-31,Yes
723,50,71162.84,710.0,Business,7667.39,Jakarta,2017-01-02,No
724,20,51880.75,656.0,Savings,12244.6,Makassar,2023-10-18,No
725,22,47048.84,643.0,Business,20707.87,Surabaya,2016-12-12,No
726,35,62986.36,687.0,Checking,19584.06,Bandung,2018-02-18,No
727,42,62110.71,685.0,Business,28957.66,Surabaya,2021-03-15,Yes
728,30,40620.24,625.0,Checking,4649.64,Jakarta,2021-05-18,No
729,31,62734.61,687.0,Business,10657.07,Makassar,2021-12-27,No
730,29,50873.93,653.0,Savings,8966.92,Makassar,2016-02-13,No
731,51,63023.81,688.0,Business,13460.01,Surabaya,2023-06-28,No
732,35,58363.73,674.0,Checking,21921.35,Surabaya,2020-04-28,No
733,27,47215.51,643.0,Checking,26028.84,Bandung,2019-09-17,Yes
734,57,76033.64,724.0,Business,48914.21,Medan,2024-10-21,Yes
735,31,40095.95,623.0,Checking,24106.63,Medan,2022-05-26,Yes
736,43,56544.72,669.0,Checking,12334.25,Bandung,2016-03-06,No
737,47,77619.55,729.0,Savings,28307.1,Medan,2022-07-24,Yes
738,27,,,Business,12952.04,Jakarta,2015-12-14,No
739,47,70644.82,709.0,Business,18274.62,Medan,2015-04-11,No
740,55,64764.48,692.0,Business,26043.62,Bandung,2019-01-13,Yes
741,45,,,Checking,6655.76,Medan,2024-12-05,No
742,27,46140.38,640.0,Business,10654.03,Makassar,2016-09-30,No
743,69,72783.78,715.0,Business,48126.59,Surabaya,2021-09-21,Yes
744,47,75477.11,723.0,Savings,28656.38,Jakarta,2016-09-24,Yes
745,47,77541.45,728.0,Savings,28475.7,Makassar,2022-03-30,Yes
746,56,68882.58,704.0,Savings,7490.31,Makassar,2020-01-19,No
747,60,95021.43,777.0,Checking,23607.11,Bandung,2021-10-17,Yes
748,55,61836.13,684.0,Business,38324.52,Surabaya,2017-01-10,Yes
749,46,68298.43,702.0,Savings,13576.16,Surabaya,2022-06-14,No
750,36,47995.56,645.0,Savings,16754.05,Jakarta,2024-12-13,No
751,28,62930.63,687.0,Savings,6834.17,Bandung,2021-08-26,No
752,52,61433.09,683.0,Business,23774.68,Jakarta,2019-12-07,Yes
753,39,63534.61,689.0,Business,7154.8,Medan,2024-03-23,No
754,32,61960.41,685.0,Business,36666.05,Makassar,2015-02-27,Yes
755,47,49912.94,651.0,Checking,29693.82,Jakarta,2022-04-18,Yes
756,67,75410.29,722.0,Checking,43183.35,Makassar,2023-11-18,Yes
757,48,76622.0,726.0,Savings,20689.35,Bandung,2015-08-14,No
758,32,57099.18,671.0,Business,34393.25,Medan,2019-07-01,Yes
759,65,75051.25,721.0,Savings,31956.74,Bandung,2017-01-17,Yes
760,54,57158.85,671.0,Business,18535.75,Medan,2020-08-29,No
761,25,42961.08,631.0,Business,20415.02,Medan,2021-06-28,No
762,37,,,Business,6699.36,Makassar,2018-01-09,No
763,24,51030.16,654.0,Checking,9480.21,Bandung,2019-08-06,No
764,66,67198.99,699.0,Checking,36648.73,Bandung,2017-10-16,Yes
765,44,61193.9,682.0,Business,15084.11,Jakarta,2018-09-10,No
766,21,56689.87,670.0,Savings,26009.62,Bandung,2016-08-05,Yes
767,29,45681.19,639.0,Business,15123.29,Jakarta,2023-11-07,No
768,49,63130.82,688.0,Business,38691.84,Surabaya,2015-02-06,Yes
769,69,70173.68,708.0,Savings,47118.06,Surabaya,2023-10-26,Yes
770,64,65248.48,694.0,Business,41115.6,Surabaya,2020-09-17,Yes
771,24,44766.73,636.0,Savings,11745.54,Bandung,2018-04-25,No
772,52,58211.44,674.0,Checking,12602.64,Bandung,2022-03-24,No
773,20,52968.97,659.0,Checking,20375.09,Jakarta,2020-01-28,No
774,37,59252.84,677.0,Savings,6186.03,Medan,2019-12-27,No
775,51,70953.01,710.0,Checking,8194.05,Jakarta,2016-02-07,No
776,66,84397.88,748.0,Checking,36457.72,Surabaya,2018-11-22,Yes
777,68,84471.49,748.0,Savings,34825.03,Jakarta,2017-05-29,Yes
778,30,65199.19,694.0,Checking,45427.48,Medan,2015-02-27,Yes
779,40,53541.95,661.0,Business,11838.4,Bandung,2018-08-07,No
780,45,70898.36,710.0,Business,18069.32,Jakarta,2015-11-24,No
781,44,57679.6,673.0,Savings,9697.35,Surabaya,2017-07-26,No
782,41,63067.02,688.0,Checking,41026.72,Surabaya,2015-12-04,Yes
783,46,70655.85,709.0,Business,40039.74,Bandung,2016-01-04,Yes
784,68,74444.52,720.0,Business,44175.63,Jakarta,2016-12-27,Yes
785,32,50302.54,652.0,Checking,32277.04,Medan,2024-12-28,Yes
786,52,89395.57,762.0,Checking,37093.8,Bandung,2015-01-08,Yes
787,53,71803.27,712.0,Business,26618.62,Jakarta,2021-05-20,Yes
788,60,90291.19,764.0,Business,26927.98,Makassar,2016-05-30,Yes
789,54,76179.46,725.0,Savings,34549.58,Surabaya,2024-03-14,Yes
790,20,42122.0,629.0,Savings,15693.27,Medan,2015-12-08,No
791,40,49023.78,648.0,Business,18184.85,Medan,2024-07-17,No
792,67,83281.12,744.0,Savings,55145.15,Medan,2021-02-07,Yes
793,25,50214.18,652.0,Business,34668.82,Surabaya,2015-01-05,Yes
794,47,79503.37,734.0,Business,45944.25,Jakarta,2023-12-08,Yes
795,36,52921.01,659.0,Savings,29321.14,Bandung,2020-03-19,Yes
796,24,51916.16,656.0,Savings,26390.79,Jakarta,2017-08-16,Yes
797,50,61428.2,683.0,Checking,12263.83,Bandung,2022-09-01,No
798,24,48643.84,647.0,Checking,6589.46,Medan,2024-04-05,No
799,57,69379.77,705.0,Checking,35691.44,Jakarta,2019-11-01,Yes
800,22,51054.82,654.0,Business,27430.31,Medan,2018-02-25,Yes
801,42,56739.19,670.0,Savings,7273.05,Makassar,2022-11-19,No
802,56,77739.45,729.0,Business,51061.69,Medan,2021-10-24,Yes
803,56,77903.96,729.0,Savings,12050.53,Medan,2023-11-18,No
804,29,62482.15,686.0,Business,16966.42,Bandung,2021-12-02,No
805,29,56481.72,669.0,Checking,28434.81,Makassar,2017-06-07,Yes
806,38,49729.32,650.0,Checking,10041.52,Medan,2024-04-23,No
807,36,45065.98,637.0,Checking,6005.02,Medan,2016-01-18,No
808,40,69813.62,707.0,Business,20852.48,Makassar,2017-09-04,No
809,33,56409.21,669.0,Savings,31565.63,Makassar,2020-03-13,Yes
810,28,51842.27,656.0,Savings,18051.85,Jakarta,2020-08-26,No
811,65,71454.97,711.0,Checking,35140.39,Bandung,2015-02-25,Yes
812,20,,,Checking,19761.68,Makassar,2022-10-20,No
813,64,79633.36,734.0,Checking,9024.94,Makassar,2018-08-12,No
814,32,67440.51,700.0,Checking,46744.63,Surabaya,2019-01-23,Yes
815,23,51099.35,654.0,Savings,6380.1,Makassar,2023-02-02,No
816,20,37171.81,615.0,Business,25302.17,Bandung,2018-10-16,Yes
817,68,79506.64,734.0,Business,34181.38,Medan,2015-06-22,Yes
818,59,58280.63,674.0,Business,39508.18,Medan,2016-10-06,Yes
819,51,81292.44,739.0,Business,13726.4,Medan,2024-07-21,No
820,53,74291.1,719.0,Checking,29288.9,Medan,2015-09-14,Yes
821,47,67889.87,701.0,Checking,13693.55,Surabaya,2018-07-19,No
822,50,71843.34,712.0,Checking,9381.66,Makassar,2020-01-11,No
823,27,40454.51,624.0,Business,19034.55,Medan,2019-12-06,No
824,58,58990.65,676.0,Checking,13253.43,Jakarta,2015-01-15,No
825,45,58003.1,673.0,Checking,26253.26,Medan,2020-01-04,Yes
826,53,61698.52,684.0,Savings,10329.48,Makassar,2018-11-01,No
827,22,54058.26,662.0,Savings,16173.79,Medan,2024-09-18,No
828,69,84328.89,747.0,Checking,47981.41,Surabaya,2016-08-03,Yes
829,31,53838.76,662.0,Savings,19502.06,Bandung,2018-07-16,No
830,20,52753.48,659.0,Savings,25144.8,Bandung,2019-03-12,Yes
831,63,77394.85,728.0,Checking,37805.43,Makassar,2018-11-27,Yes
832,24,49635.56,650.0,Checking,30091.71,Bandung,2021-08-27,Yes
833,49,75594.11,723.0,Checking,22296.76,Bandung,2017-02-25,No
834,49,62758.55,687.0,Checking,32156.06,Jakarta,2017-03-17,Yes
835,36,53598.56,661.0,Business,36284.59,Makassar,2022-04-15,Yes
836,67,82513.6,742.0,Business,44404.36,Makassar,2020-01-01,Yes
837,66,79346.2,733.0,Checking,31256.23,Bandung,2019-02-24,Yes
838,42,,,Savings,36254.78,Bandung,2016-09-09,Yes
839,34,48818.54,648.0,Checking,26548.0,Bandung,2016-11-15,Yes
840,56,89861.92,763.0,Checking,41998.36,Surabaya,2015-02-08,Yes
841,40,53767.04,662.0,Savings,5914.67,Medan,2015-11-30,No
842,33,62259.06,685.0,Business,13501.75,Surabaya,2020-07-25,No
843,21,48916.29,648.0,Checking,28678.69,Makassar,2023-11-30,Yes
844,30,47096.95,643.0,Checking,12414.3,Jakarta,2017-11-14,No
845,58,69200.53,705.0,Business,37294.75,Medan,2018-04-11,Yes
846,57,72052.35,713.0,Business,23292.52,Jakarta,2016-02-26,Yes
847,53,61320.5,683.0,Savings,25333.37,Makassar,2018-11-19,Yes
848,57,83479.64,745.0,Business,11752.6,Makassar,2015-05-16,No
849,69,76721.86,726.0,Business,16014.56,Jakarta,2024-03-03,No
850,53,70173.86,708.0,Business,47319.51,Jakarta,2021-09-22,Yes
851,37,58467.19,675.0,Savings,37073.04,Jakarta,2024-11-25,Yes
852,49,72467.0,714.0,Business,35607.75,Makassar,2023-10-28,Yes
853,34,52806.18,659.0,Business,19843.86,Bandung,2019-09-23,No
854,46,68937.08,704.0,Savings,34844.71,Jakarta,2020-03-11,Yes
855,53,80252.03,736.0,Business,37812.04,Medan,2016-11-26,Yes
856,57,61342.94,683.0,Business,27060.29,Makassar,2019-08-14,Yes
857,52,65643.47,695.0,Savings,8895.1,Surabaya,2024-01-10,No
858,43,45239.89,638.0,Checking,21700.74,Surabaya,2015-07-05,No
859,34,38527.11,619.0,Savings,21627.27,Medan,2023-08-18,No
860,49,,,Business,52091.1,Bandung,2018-05-29,Yes
861,61,80881.76,738.0,Business,8625.81,Jakarta,2023-12-28,No
862,36,57159.91,671.0,Business,30757.98,Makassar,2024-05-27,Yes
863,24,55837.49,667.0,Savings,24740.12,Jakarta,2021-09-14,Yes
864,48,66150.01,696.0,Business,23842.54,Makassar,2021-08-22,Yes
865,23,57517.83,672.0,Business,10154.32,Surabaya,2019-07-11,No
866,29,60127.53,679.0,Savings,20771.12,Jakarta,2023-05-08,No
867,36,57543.27,672.0,Checking,17989.54,Medan,2024-08-10,No
868,29,56302.93,669.0,Checking,15860.42,Bandung,2022-09-30,No
869,36,64240.83,691.0,Business,34595.47,Medan,2021-03-20,Yes
870,39,56378.26,669.0,Savings,29341.24,Bandung,2021-01-23,Yes
871,43,58114.74,674.0,Business,26349.92,Jakarta,2023-06-28,Yes
872,24,46665.2,642.0,Savings,30948.31,Jakarta,2020-05-29,Yes
873,53,81250.39,739.0,Savings,25180.52,Bandung,2023-01-13,Yes
874,25,50949.83,654.0,Checking,12547.98,Surabaya,2020-02-01,No
875,21,48425.84,647.0,Checking,23900.18,Makassar,2015-08-16,Yes
876,32,66242.23,697.0,Savings,14526.16,Medan,2018-11-02,No
877,62,74951.38,721.0,Business,21661.42,Medan,2019-06-11,No
878,62,76088.42,724.0,Checking,17862.63,Medan,2016-05-31,No
879,67,91610.38,768.0,Business,12962.15,Jakarta,2016-01-10,No
880,30,49370.01,649.0,Checking,29449.17,Medan,2020-05-08,Yes
881,66,86269.99,753.0,Checking,21802.53,Makassar,2015-11-07,No
882,42,67247.24,699.0,Business,25810.6,Makassar,2018-01-10,Yes
883,35,45284.3,638.0,Checking,5705.33,Bandung,2022-06-10,No
884,50,,,Checking,38878.25,Jakarta,2024-08-21,Yes
885,30,53133.66,660.0,Business,15851.72,Makassar,2022-03-05,No
886,35,59383.81,677.0,Checking,32473.56,Surabaya,2024-12-02,Yes
887,27,42242.21,629.0,Checking,14676.71,Jakarta,2021-12-23,No
888,23,45347.78,638.0,Checking,9861.03,Jakarta,2017-12-08,No
889,59,67930.13,701.0,Business,27709.04,Makassar,2021-09-18,Yes
890,23,46040.54,640.0,Savings,8209.15,Surabaya,2022-01-06,No
891,44,68627.69,703.0,Business,25002.68,Bandung,2018-09-18,Yes
892,22,46977.53,642.0,Savings,13641.49,Makassar,2015-03-06,No
893,51,84705.44,748.0,Checking,54819.31,Surabaya,2022-01-10,Yes
894,22,31676.07,600.0,Savings,4325.6,Jakarta,2015-03-21,No
895,46,71782.19,712.0,Business,37069.07,Surabaya,2021-04-22,Yes
896,48,76192.67,725.0,Business,15973.85,Jakarta,2016-08-20,No
897,51,72856.76,715.0,Checking,21232.43,Makassar,2020-08-26,No
898,69,82363.11,742.0,Savings,28770.13,Makassar,2020-01-14,Yes
899,38,54731.47,664.0,Checking,35291.35,Medan,2015-02-19,Yes
900,40,,,Checking,16269.09,Medan,2018-08-17,No
901,24,42031.98,629.0,Business,6505.93,Medan,2021-01-02,No
902,37,,,Savings,14128.65,Makassar,2023-06-25,No
903,47,,,Savings,8908.76,Bandung,2023-11-18,No
904,61,76924.69,727.0,Savings,13627.82,Makassar,2019-11-02,No
905,41,54605.98,664.0,Savings,24262.0,Surabaya,2022-04-12,Yes
906,40,65875.52,696.0,Checking,8994.72,Makassar,2018-03-01,No
907,25,54540.18,664.0,Checking,6466.2,Makassar,2018-06-02,No
908,20,38528.15,619.0,Business,20367.85,Jakarta,2016-12-10,No
909,24,48702.21,647.0,Checking,15438.03,Jakarta,2020-08-13,No
910,60,67392.05,700.0,Checking,11808.79,Jakarta,2018-02-22,No
911,31,58837.64,676.0,Business,14836.95,Makassar,2015-11-04,No
912,45,76947.69,727.0,Business,37339.01,Bandung,2021-11-05,Yes
913,65,85645.91,751.0,Business,22723.74,Surabaya,2022-01-27,No
914,53,84142.23,747.0,Checking,33380.29,Surabaya,2018-08-06,Yes
915,68,60790.47,681.0,Checking,10517.8,Bandung,2015-10-08,No
916,33,61365.47,683.0,Business,27789.73,Bandung,2019-04-05,Yes
917,45,73715.9,718.0,Business,21351.56,Surabaya,2019-06-03,No
918,64,58670.66,675.0,Business,27937.86,Medan,2021-09-06,Yes
919,46,69422.98,706.0,Checking,40615.01,Jakarta,2018-02-25,Yes
920,28,44229.59,635.0,Checking,20654.68,Jakarta,2021-10-27,No
921,45,69365.08,705.0,Savings,19245.24,Surabaya,2023-09-16,No
922,66,69589.46,706.0,Checking,87004.79628458768,Bandung,2017-05-16,No
923,41,59113.9,677.0,Checking,17524.47,Medan,2024-10-13,No
924,66,96947.2,783.0,Checking,19270.42,Surabaya,2018-11-11,No
925,49,,,Business,12989.51,Jakarta,2017-09-02,No
926,62,79929.98,735.0,Checking,45912.95,Makassar,2019-03-19,Yes
927,67,72682.45,715.0,Business,24046.23,Bandung,2015-12-11,Yes
928,36,65861.25,696.0,Savings,23815.24,Makassar,2016-04-03,Yes
929,45,66380.56,697.0,Savings,30298.06,Surabaya,2019-02-21,Yes
930,55,72771.22,715.0,Business,33023.0,Jakarta,2022-08-14,Yes
931,20,50900.05,654.0,Business,7147.7,Medan,2023-12-31,No
932,27,62914.58,687.0,Business,37681.08,Makassar,2021-08-23,Yes
933,68,83256.01,744.0,Checking,17183.7,Medan,2016-01-20,No
934,54,73606.96,717.0,Savings,39294.56,Jakarta,2021-09-18,Yes
935,34,62466.36,686.0,Business,35206.2,Makassar,2021-05-08,Yes
936,66,83745.81,746.0,Checking,44296.48,Medan,2023-01-20,Yes
937,41,58961.6,676.0,Savings,26378.63,Medan,2023-04-01,Yes
938,33,51443.87,655.0,Checking,5595.31,Makassar,2023-09-04,No
939,45,,,Savings,17466.37,Jakarta,2019-02-20,No
940,47,61815.66,684.0,Checking,28614.69,Medan,2021-12-22,Yes
941,42,63402.93,689.0,Savings,21079.62,Surabaya,2017-09-06,No
942,33,49723.44,650.0,Savings,30733.46,Makassar,2024-12-26,Yes
943,43,63053.92,688.0,Checking,17988.11,Bandung,2016-10-01,No
944,21,39624.97,622.0,Business,10941.28,Bandung,2015-02-06,No
945,64,78838.37,732.0,Savings,20466.33,Jakarta,2016-06-27,No
946,45,69810.19,707.0,Business,20919.92,Surabaya,2022-10-02,No
947,33,57390.09,672.0,Checking,24932.72,Medan,2019-06-19,Yes
948,26,,,Business,26950.6,Bandung,2019-06-22,Yes
949,22,50907.56,654.0,Business,25328.59,Jakarta,2024-07-17,Yes
950,66,60290.63,680.0,Business,35247.75,Surabaya,2024-03-10,Yes
951,42,65368.68,694.0,Business,41283.49,Surabaya,2018-02-09,Yes
952,65,92739.66,771.0,Business,54683.7,Jakarta,2017-02-02,Yes
953,62,72961.92,715.0,Savings,8125.57,Jakarta,2023-06-24,No
954,66,84192.29,747.0,Savings,45594.4,Medan,2024-01-20,Yes
955,64,81484.32,739.0,Savings,18337.21,Jakarta,2020-05-30,No
956,37,60918.59,682.0,Checking,10950.53,Medan,2021-04-16,No
957,57,58017.43,674.0,Business,28027.83,Medan,2017-07-26,Yes
958,54,67882.01,701.0,Savings,19811.09,Makassar,2023-01-01,No
959,34,64052.26,690.0,Checking,8600.32,Surabaya,2021-04-26,No
960,44,59632.98,678.0,Savings,10887.66,Surabaya,2020-01-12,No
961,56,66839.94,698.0,Savings,6721.27,Surabaya,2015-08-08,No
962,47,71392.28,711.0,Business,45829.14,Makassar,2024-02-26,Yes
963,29,56857.31,670.0,Checking,6525.56,Medan,2021-02-24,No
964,58,63698.03,689.0,Business,14374.95,Medan,2016-12-04,No
965,36,62241.8,685.0,Business,21769.55,Jakarta,2021-01-22,No
966,58,84696.69,748.0,Savings,26589.92,Makassar,2021-10-08,Yes
967,41,58044.32,674.0,Business,37556.73,Jakarta,2020-04-03,Yes
968,45,46014.38,640.0,Checking,5713.76,Makassar,2022-03-06,No
969,63,67802.33,701.0,Business,27617.84,Jakarta,2020-10-23,Yes
970,44,62040.0,685.0,Business,31534.17,Bandung,2024-06-21,Yes
971,36,65451.68,694.0,Business,43133.88,Surabaya,2015-07-15,Yes
972,32,48427.08,647.0,Savings,22868.37,Surabaya,2016-01-23,No
973,39,57095.98,671.0,Checking,33244.31,Medan,2016-09-25,Yes
974,44,,,Savings,9680.05,Bandung,2021-11-24,No
975,23,,,Savings,17601.4,Surabaya,2021-06-14,No
976,29,56165.64,668.0,Savings,18218.35,Medan,2023-12-01,No
977,22,46732.95,642.0,Savings,29524.61,Bandung,2022-04-29,Yes
978,60,66014.02,696.0,Savings,12596.97,Surabaya,2020-01-30,No
979,64,80070.24,735.0,Checking,15303.96,Jakarta,2024-11-29,No
980,37,60368.81,680.0,Business,17937.68,Makassar,2017-08-29,No
981,66,96048.58,780.0,Savings,12743.69,Bandung,2023-04-30,No
982,55,67547.56,700.0,Savings,14149.51,Medan,2019-04-07,No
983,66,69666.79,706.0,Checking,47312.51,Bandung,2021-06-25,Yes
984,41,51281.22,655.0,Checking,18302.8,Medan,2022-04-08,No
985,53,63459.66,689.0,Business,30410.6,Bandung,2021-05-02,Yes
986,66,93925.82,774.0,Checking,50312.94,Medan,2016-05-27,Yes
987,27,,,Business,13368.94,Surabaya,2019-06-05,No
988,59,57698.01,673.0,Savings,10866.63,Jakarta,2020-08-11,No
989,68,90069.65,764.0,Savings,20170.97,Surabaya,2023-06-27,No
990,63,83964.41,746.0,Business,24178.38,Jakarta,2019-06-08,Yes
991,38,49153.98,649.0,Checking,23674.57,Surabaya,2024-03-07,Yes
992,61,73628.26,717.0,Business,24957.65,Surabaya,2019-05-27,Yes
993,60,76105.4,724.0,Checking,7921.72,Bandung,2020-06-26,No
994,56,74140.34,719.0,Savings,30697.39,Makassar,2022-12-16,Yes
995,25,42658.51,630.0,Checking,27852.09,Medan,2020-10-29,Yes
996,45,55220.34,666.0,Business,32427.95,Medan,2024-08-05,Yes
997,53,78246.9,730.0,Business,46566.83,Medan,2021-08-07,Yes
998,64,78415.39,731.0,Savings,45248.41,Jakarta,2020-03-22,Yes
999,25,45393.71,638.0,Checking,13356.58,Medan,2015-03-28,No
1000,56,73421.71,717.0,Checking,41051.28,Medan,2019-02-19,Yes
1,58,76081.6,724.0,Savings,48837.88,Jakarta,2016-08-09,Yes
2,48,65607.99,695.0,Business,30331.27,Surabaya,2016-09-23,Yes
